,ID,Files
0,0,"['AccountActionBean.java', 'AbstractActionBean.java', 'CartActionBean.java', 'OrderActionBean.java', 'Order.java', 'Account.java', 'LineItem.java', 'OrderService.java', 'Item.java', 'AccountMapper.java', 'AccountService.java', 'CatalogService.java', 'CatalogActionBean.java', 'Cart.java', 'CartItem.java', 'CategoryMapper.java', 'ItemMapper.java', 'ProductMapper.java', 'Product.java', 'LineItemMapper.java', 'OrderMapper.java', 'Sequence.java', 'SequenceMapper.java']"
1,1,"['AccountMapper.java', 'AccountService.java', 'CategoryMapper.java', 'ItemMapper.java', 'ProductMapper.java', 'Product.java', 'LineItemMapper.java', 'OrderMapper.java', 'SequenceMapper.java']"
2,2,"['Cart.java', 'CartItem.java', 'AccountActionBean.java', 'AbstractActionBean.java', 'CartActionBean.java', 'OrderActionBean.java', 'Order.java', 'Account.java', 'LineItem.java', 'OrderService.java', 'Item.java', 'AccountMapper.java', 'AccountService.java', 'CatalogService.java', 'CatalogActionBean.java', 'CategoryMapper.java', 'ItemMapper.java', 'ProductMapper.java', 'Product.java', 'LineItemMapper.java', 'OrderMapper.java', 'Sequence.java', 'SequenceMapper.java']"
3,3,['CategoryMapper.java']
4,4,"['ItemMapper.java', 'CategoryMapper.java']"
5,5,"['ProductMapper.java', 'CategoryMapper.java']"
6,6,['Category.java']
7,7,['Product.java']
8,8,['LineItemMapper.java']
9,9,"['OrderMapper.java', 'CategoryMapper.java', 'ItemMapper.java', 'ProductMapper.java', 'Product.java', 'LineItemMapper.java', 'SequenceMapper.java']"
10,10,"['Sequence.java', 'Order.java', 'Account.java', 'LineItem.java', 'OrderService.java', 'Item.java', 'AccountMapper.java', 'AccountService.java', 'CatalogService.java', 'CatalogActionBean.java', 'Cart.java', 'CartItem.java', 'CategoryMapper.java', 'ItemMapper.java', 'ProductMapper.java', 'Product.java', 'LineItemMapper.java', 'OrderMapper.java', 'SequenceMapper.java']"
11,11,['SequenceMapper.java']
